username,password,password_confirmation
rex2293@yahoo.com,!Suj)laIF9EKpYN,!Suj)laIF9EKpYN
rosie4123@yahoo.com,01F*w&7Lwr3Hd(,01F*w&7Lwr3Hd(
ross6933@outlook.com,Yu$*bBTVDX)8P,Yu$*bBTVDX)8P
lola3153@protonmail.com,yHUsoDm22q@ij,yHUsoDm22q@ij
donald1631@outlook.com,wZi!625XcnB)ppy,wZi!625XcnB)ppy
chloe5537@yahoo.com,AA4fBKNo6!6rX,AA4fBKNo6!6rX
zoe1663@protonmail.com,)v*vRMyOmNzzZlI8,)v*vRMyOmNzzZlI8
phoebe1220@gmail.com,@HjX)Eya8KmIM&Vq,@HjX)Eya8KmIM&Vq
arthur696@outlook.com,N4!qlD8V%cx0kyc8,N4!qlD8V%cx0kyc8
nancy2791@icloud.com,2WwTT)RG%dubP,2WwTT)RG%dubP
jane6238@gmail.com,!AIiMugz&eavB4q2,!AIiMugz&eavB4q2
dave8290@outlook.com,yFi5zd@T)9#aq,yFi5zd@T)9#aq
sophia1307@yahoo.com,#%Pvf%NeEWR3l,#%Pvf%NeEWR3l
dean9379@icloud.com,gv%w&02Om59##,gv%w&02Om59##
fiona3979@gmail.com,($nq75*D2hrKO,($nq75*D2hrKO
scott5549@yahoo.com,GmtuWu3IYIZ%00Z,GmtuWu3IYIZ%00Z
owen7905@yahoo.com,GgNj6o(a*yyCk,GgNj6o(a*yyCk
otto5930@gmail.com,#iiksrDQ8zGY8097,#iiksrDQ8zGY8097
caleb4598@icloud.com,#7*dMD1I!snNxO4,#7*dMD1I!snNxO4
ryan151@icloud.com,zx!DYEt@zwW8a,zx!DYEt@zwW8a
max2769@yahoo.com,7dArvgkNJ#9PE,7dArvgkNJ#9PE
paisley3646@yahoo.com,WIu%AoHthVg4STPy,WIu%AoHthVg4STPy
ross4250@icloud.com,%e9Wh!lSBNtlm,%e9Wh!lSBNtlm
ronald3673@icloud.com,DBqd*b2@uZUSb,DBqd*b2@uZUSb
dave8941@protonmail.com,ipe*REn)cQ*6xnU,ipe*REn)cQ*6xnU
carter5941@outlook.com,%DpkK$(nwTm3x,%DpkK$(nwTm3x
margaret4401@protonmail.com,I)gSvuc)raZ7ih,I)gSvuc)raZ7ih
chuck6952@icloud.com,$jk5vkkLkb@so,$jk5vkkLkb@so
liam1747@yahoo.com,!##p^95UxA5Hyn,!##p^95UxA5Hyn
percy5419@outlook.com,#Ju*rGm8KATVjOx,#Ju*rGm8KATVjOx
adam6321@outlook.com,Y%6z6gA&7)t%LCs6,Y%6z6gA&7)t%LCs6
laura417@icloud.com,gUni9BRvg#plIl3,gUni9BRvg#plIl3
leo3034@protonmail.com,mWh)x9PpUVKirf,mWh)x9PpUVKirf
kylie8640@yahoo.com,(&8zCq5)3d9X8MPZ,(&8zCq5)3d9X8MPZ
leo7133@icloud.com,!Kr3pyG!8IZA48,!Kr3pyG!8IZA48
kayla9517@gmail.com,qg%20H8eLT&h,qg%20H8eLT&h
ethan7809@yahoo.com,TY@8RCJTac4o)OnG,TY@8RCJTac4o)OnG
dennis232@protonmail.com,k8ld!%a!ofiF,k8ld!%a!ofiF
ivy6158@protonmail.com,M#VdACShu8i$f48Q,M#VdACShu8i$f48Q
alvin7931@icloud.com,pC%!1XCJ0opM$#B,pC%!1XCJ0opM$#B
emma8624@outlook.com,2w)NLI(kTv^0,2w)NLI(kTv^0
owen6096@outlook.com,6ARMzFvaRC%&,6ARMzFvaRC%&
benny6587@yahoo.com,!9WlS1RZmPE^P,!9WlS1RZmPE^P
gabriel4876@icloud.com,zsR5iQ3nYoMc%,zsR5iQ3nYoMc%
jane7968@yahoo.com,x3h#^SCew04GH6P,x3h#^SCew04GH6P
timothy6662@icloud.com,B3K9Sp9tUk!qh6Zq,B3K9Sp9tUk!qh6Zq
rachel6328@gmail.com,3Gvz&BZDYGqj#K4,3Gvz&BZDYGqj#K4
bella1895@gmail.com,$)Ni64ovNg6t,$)Ni64ovNg6t
dean4120@yahoo.com,GMIUMoR)gsvKqY2#,GMIUMoR)gsvKqY2#
ian3852@protonmail.com,APUoY8Q61)Dj,APUoY8Q61)Dj
willow9121@yahoo.com,fE$VRRVh8GRP,fE$VRRVh8GRP
clay2662@icloud.com,&IgRDcu9bvjdaeK&,&IgRDcu9bvjdaeK&
avery6536@gmail.com,x@nqS(Q29XBqp,x@nqS(Q29XBqp
emma1887@gmail.com,I@ADFfsjZ%7&F,I@ADFfsjZ%7&F
melissa7610@gmail.com,H#$gBy&@CXozM0,H#$gBy&@CXozM0
chuck4966@gmail.com,gijNav)NH&H!1Ka!,gijNav)NH&H!1Ka!
chad1725@protonmail.com,HbW0(&A0L&9D,HbW0(&A0L&9D
brandon9135@outlook.com,g!&K5gR&saJz,g!&K5gR&saJz
morgan2112@gmail.com,OlRjuKQ1R0$2@X,OlRjuKQ1R0$2@X
thomas1426@outlook.com,JvwjE7rcDW)Y,JvwjE7rcDW)Y
neal324@protonmail.com,x4ZRq%kNOTpfC,x4ZRq%kNOTpfC
tiffany1818@gmail.com,x)8W%52oZaLJP,x)8W%52oZaLJP
amelie6110@protonmail.com,&olFrqj^LG0Zisj,&olFrqj^LG0Zisj
earl884@outlook.com,Jb)(4Kp00i%i7,Jb)(4Kp00i%i7
max6217@yahoo.com,ozAlBBB!z*Z4Nqsy,ozAlBBB!z*Z4Nqsy
brian7037@yahoo.com,r&vli7!@Kbky,r&vli7!@Kbky
sophia6458@yahoo.com,OlhkrN9*xsG4blGh,OlhkrN9*xsG4blGh
dave9843@icloud.com,FTzdB(2CWJ)6,FTzdB(2CWJ)6
jacob1201@protonmail.com,e7nHe(j$L!%Cza,e7nHe(j$L!%Cza
logan8104@outlook.com,dy8PieGIu)RF,dy8PieGIu)RF
joseph3921@gmail.com,$Ece1tI652hj,$Ece1tI652hj
sherman3307@icloud.com,d7%U!$fTxS&j$,d7%U!$fTxS&j$
brooke9436@gmail.com,Ai#JFWw8JgTey#,Ai#JFWw8JgTey#
nicholas5985@gmail.com,VN3SDhNQ7hi@uI9N,VN3SDhNQ7hi@uI9N
aaron7367@yahoo.com,dTYhudz*LAzp)0a,dTYhudz*LAzp)0a
benjamin9131@icloud.com,Agc#&)svLP2#f!iH,Agc#&)svLP2#f!iH
violet7784@outlook.com,P3NdCY8qJV^xJdzn,P3NdCY8qJV^xJdzn
mason8982@outlook.com,$u5fH8*5qHE2W*ld,$u5fH8*5qHE2W*ld
isla6343@icloud.com,CwLqE23Ke9#Pt,CwLqE23Ke9#Pt
lance582@outlook.com,%Jcb#1Y^q$Y4NnsB,%Jcb#1Y^q$Y4NnsB
roy9990@protonmail.com,PSo)hz2OmK#k4&$T,PSo)hz2OmK#k4&$T
travis732@yahoo.com,6qqiPXjs#Ml!E)#,6qqiPXjs#Ml!E)#
alvin3710@icloud.com,RUn#99(9lxqyT,RUn#99(9lxqyT
eleanor1830@outlook.com,Bfd2GqIy#K1B$yy,Bfd2GqIy#K1B$yy
otto5049@yahoo.com,EHDEA9Dj)IiFZW,EHDEA9Dj)IiFZW
isla1974@gmail.com,%nmyC5)Tpi8X,%nmyC5)Tpi8X
ronnie7188@outlook.com,zQ1DG&4qXbyrx,zQ1DG&4qXbyrx
charles1263@icloud.com,HbR0k$mV92o6,HbR0k$mV92o6
ryder342@protonmail.com,%!SlT#n6KpShC,%!SlT#n6KpShC
elroy996@outlook.com,mtK3qpD*uK(7wBu,mtK3qpD*uK(7wBu
rachel4291@icloud.com,$L@Fp5uMra#Z9g,$L@Fp5uMra#Z9g
brian9404@yahoo.com,0fjP&uk0lnd)Cs)Q,0fjP&uk0lnd)Cs)Q
zoey2923@protonmail.com,9sjB%8yTHSekHTCc,9sjB%8yTHSekHTCc
ethan9334@gmail.com,6duVCdI)XGac7T,6duVCdI)XGac7T
kenneth2319@gmail.com,a$fZx&P1Rq*KZx,a$fZx&P1Rq*KZx
gabriel1502@gmail.com,hn1s)jQ&9SkBDf0%,hn1s)jQ&9SkBDf0%
dane3421@protonmail.com,i#Gn4OGfyRHf,i#Gn4OGfyRHf
thomas1759@outlook.com,BtqB@kYw8anuYksk,BtqB@kYw8anuYksk
josephine3343@outlook.com,^WdIT@3P7J@(,^WdIT@3P7J@(
elmer7004@gmail.com,x4!y(va@bGZGgA,x4!y(va@bGZGgA
lillian5917@gmail.com,dT^EL4onvVRh,dT^EL4onvVRh
morgan9112@gmail.com,ZdnNGn^Z%0ba&E,ZdnNGn^Z%0ba&E
rosie5966@outlook.com,6TL09uDnu@6*9K,6TL09uDnu@6*9K
allison9037@yahoo.com,fEoMKlmA)n923,fEoMKlmA)n923
thomas366@protonmail.com,SR4WZaEgs^W0Q@*,SR4WZaEgs^W0Q@*
jack9820@gmail.com,!ibwVJ(%%jF5IH,!ibwVJ(%%jF5IH
allison482@outlook.com,r^1QeTAxowkt,r^1QeTAxowkt
donald6422@outlook.com,73x4f%Jra8qYpn,73x4f%Jra8qYpn
adam5358@outlook.com,1yibYv2vG%zb@C,1yibYv2vG%zb@C
leo228@gmail.com,Vca!73jpL4wt,Vca!73jpL4wt
elmer2216@yahoo.com,dBO^!CfJJg1%,dBO^!CfJJg1%
elliott7613@protonmail.com,$XUkLtIMk26*Ci&D,$XUkLtIMk26*Ci&D
ronald6574@icloud.com,rtpX*&8VJ5#(NGR,rtpX*&8VJ5#(NGR
liam9693@icloud.com,2R4RfLLrpJ@&2L!,2R4RfLLrpJ@&2L!
leo6441@protonmail.com,s9kCa$x)RBs2zn4g,s9kCa$x)RBs2zn4g
josephine6973@gmail.com,o0(%!(lsH5btlod,o0(%!(lsH5btlod
zoe1055@gmail.com,*Fvmx^OY#S0G,*Fvmx^OY#S0G
travis3435@outlook.com,r&jOl#dFKChvB3X0,r&jOl#dFKChvB3X0
mila4408@yahoo.com,W6wP*6V31d)D7dk,W6wP*6V31d)D7dk
victoria2439@protonmail.com,iM)6x!244Mnvf,iM)6x!244Mnvf
dave550@protonmail.com,!q3m0Zi0aY0L@N@,!q3m0Zi0aY0L@N@
dennis4011@protonmail.com,UV)9Zy7xaU!2,UV)9Zy7xaU!2
victor6420@protonmail.com,29IGK7QuF&)pn,29IGK7QuF&)pn
travis7182@outlook.com,sC^NBn4TpP&s)DcU,sC^NBn4TpP&s)DcU
earl4540@protonmail.com,og*5j3T%g^I7EX,og*5j3T%g^I7EX
noah6545@yahoo.com,8U6!&GG7#DvR5yO,8U6!&GG7#DvR5yO
burt4869@protonmail.com,&c8qrM&SSw*K,&c8qrM&SSw*K
stella5400@gmail.com,Uh$3IMeeOJv(jD,Uh$3IMeeOJv(jD
logan701@outlook.com,WhSFW(2CSUF0F,WhSFW(2CSUF0F
rowan3232@yahoo.com,*W6ynQ5a4OW8,*W6ynQ5a4OW8
martha7243@icloud.com,ZGtTR1tOHn$KjIra,ZGtTR1tOHn$KjIra
dave5225@outlook.com,4paZHkG#)jgzNj,4paZHkG#)jgzNj
andrew9858@gmail.com,Co8(!fQG#UGWy5,Co8(!fQG#UGWy5
marcus4088@protonmail.com,Oq3ulDl)cFrR,Oq3ulDl)cFrR
elsie8174@icloud.com,SsNvIpK4OG@7ZQH,SsNvIpK4OG@7ZQH
elliot3390@protonmail.com,ZUmG!6ylVJz%%,ZUmG!6ylVJz%%
leo1696@protonmail.com,L(m3X*U7R@CBU&UL,L(m3X*U7R@CBU&UL
spencer3586@gmail.com,gW2SUys@J%os,gW2SUys@J%os
jeremy4100@outlook.com,uKAi14NpgJqRO7&S,uKAi14NpgJqRO7&S
samuel9863@gmail.com,KmXI&4gereKPH,KmXI&4gereKPH
earl9683@outlook.com,Ao@l8y4RLnYYQj,Ao@l8y4RLnYYQj
madeline7739@yahoo.com,fxew4bqL3u&AC,fxew4bqL3u&AC
thomas3834@yahoo.com,%)RphJ02BJsbw,%)RphJ02BJsbw
victor505@outlook.com,dJ#2*^mHFZWpTsz,dJ#2*^mHFZWpTsz
caleb1658@icloud.com,jOSz#xiUc3SCc0F,jOSz#xiUc3SCc0F
bobby19@yahoo.com,8UR!Sic7FpsZ!8A,8UR!Sic7FpsZ!8A
craig9344@gmail.com,8S#7@Hi3Sw1arw,8S#7@Hi3Sw1arw
sophia96@protonmail.com,8jrsGVAEaR&&9R,8jrsGVAEaR&&9R
evan3570@protonmail.com,3!H6&7SFRw)),3!H6&7SFRw))
lucas3466@icloud.com,4^ZNkurVAkYDpf(,4^ZNkurVAkYDpf(
felix323@yahoo.com,vhx!rx&JlPglgX8v,vhx!rx&JlPglgX8v
melissa375@outlook.com,fzqRfy&2&QCWnx@,fzqRfy&2&QCWnx@
art8732@outlook.com,K9^DCt!Syehq@%,K9^DCt!Syehq@%
elijah9669@protonmail.com,KKG2(6E*BmXR)@,KKG2(6E*BmXR)@
phoebe68@yahoo.com,C9Oen@ZpErw3z,C9Oen@ZpErw3z
mila1555@yahoo.com,dMda2VzH5^&5TAE,dMda2VzH5^&5TAE
eliza5226@gmail.com,iX@Qj#i%s5#T,iX@Qj#i%s5#T
nicholas7657@icloud.com,C@AYA4MS7St3J,C@AYA4MS7St3J
arnold1356@protonmail.com,IwD#IYl@L9%Q^GU8,IwD#IYl@L9%Q^GU8
evan8809@gmail.com,qyjy*sPei6G1lIp9,qyjy*sPei6G1lIp9
rex673@outlook.com,g13SD(B$0imeL,g13SD(B$0imeL
christopher1560@yahoo.com,u2oTM3!LTUgj&$,u2oTM3!LTUgj&$
elena7547@protonmail.com,73SB#AKn0$GjC,73SB#AKn0$GjC
glenn3111@protonmail.com,AC)exI@8RxCf,AC)exI@8RxCf
ross6104@protonmail.com,D^egQ&Du0b*PXy,D^egQ&Du0b*PXy
eliza4627@icloud.com,isO2)boNZc9C,isO2)boNZc9C
ellis5859@yahoo.com,b^X&vitU40Z7OR6,b^X&vitU40Z7OR6
jeff4530@yahoo.com,7BZS5D3L4dGD#,7BZS5D3L4dGD#
norman6607@protonmail.com,(AoKB8M$QVVdf(t,(AoKB8M$QVVdf(t
lucas2943@protonmail.com,H8JqnLsK^OfwZSC,H8JqnLsK^OfwZSC
noah9544@yahoo.com,6cvnNmIYo@v2lWJ,6cvnNmIYo@v2lWJ
emma9781@gmail.com,mWvPAkqmY72UCZ@,mWvPAkqmY72UCZ@
jeremy6832@gmail.com,aYEIIGp6&J(Mt,aYEIIGp6&J(Mt
xavier4725@icloud.com,GQ4L)&0BmeIKt,GQ4L)&0BmeIKt
max607@gmail.com,PO4X4h$r*BXh,PO4X4h$r*BXh
dave3977@icloud.com,y4F4dS#cZNJ&v,y4F4dS#cZNJ&v
levi3384@protonmail.com,U!5@CsUT&#%ThN%j,U!5@CsUT&#%ThN%j
madison3629@icloud.com,036%gD&Mijj0LQ,036%gD&Mijj0LQ
joseph1667@protonmail.com,6R$QtCPeMGBw,6R$QtCPeMGBw
otto5438@protonmail.com,9*&xV!cXL0a&Z,9*&xV!cXL0a&Z
cliff7349@icloud.com,Ob!7n7bPFq5kzI,Ob!7n7bPFq5kzI
bruce9025@icloud.com,Ft7l#daQEYmK6V,Ft7l#daQEYmK6V
sophie9062@icloud.com,fOBTm(F%BVh4,fOBTm(F%BVh4
jacob7154@yahoo.com,(k!sHz3ZYY1j,(k!sHz3ZYY1j
ellis4699@gmail.com,h7evHl^jsaMz,h7evHl^jsaMz
harvey3365@outlook.com,5vsKs*ESZC84,5vsKs*ESZC84
sawyer9674@icloud.com,#Ys$hljkyWu22OOI,#Ys$hljkyWu22OOI
willie5303@gmail.com,VSo9FeXn@F0jYR,VSo9FeXn@F0jYR
mike8212@yahoo.com,Xhhhz*Fb$N6k^21Z,Xhhhz*Fb$N6k^21Z
sophie3582@gmail.com,pnRx3r*uRrXh$#X,pnRx3r*uRrXh$#X
anthony5484@outlook.com,X3uN^FXy#64ENB,X3uN^FXy#64ENB
sebastian4930@icloud.com,G43sn55fMEa(d**(,G43sn55fMEa(d**(
luke1924@icloud.com,r4B@Ja3pHNhkoVT,r4B@Ja3pHNhkoVT
margaret9342@protonmail.com,(k)bHrunK4jj,(k)bHrunK4jj
brian9726@outlook.com,p)1S@%!Dwvn2@W,p)1S@%!Dwvn2@W
bert5607@protonmail.com,kgu!)7tJg#8CSd,kgu!)7tJg#8CSd
jackson2949@yahoo.com,*rQHMZVY4)b0kLqd,*rQHMZVY4)b0kLqd
ryder4503@yahoo.com,cUH^P1qhM%npD,cUH^P1qhM%npD
harvey6164@protonmail.com,L#gCBOV$RB66,L#gCBOV$RB66
vincent9017@yahoo.com,NVK$w7)@3UK),NVK$w7)@3UK)
